Date,Nino12,Label
1870-01-01,-1.5,LaNinaTemp
1870-02-01,-0.74,LaNinaTemp
1870-03-01,-1.18,LaNinaTemp
1870-04-01,-0.88,LaNinaTemp
1870-05-01,-1.1,LaNinaTemp
1870-06-01,-0.66,LaNinaTemp
1870-07-01,-1.71,LaNinaTemp
1870-08-01,-0.06,Cold
1870-09-01,2.23,NinoTemp
1870-10-01,-0.35,Cold
1870-11-01,-0.43,Cold
1870-12-01,-0.02,Cold
1871-01-01,-0.71,LaNinaTemp
1871-02-01,-1.22,LaNinaTemp
1871-03-01,-0.15,Cold
1871-04-01,0.25,Warm
1871-05-01,-1.08,LaNinaTemp
1871-06-01,-0.87,LaNinaTemp
1871-07-01,0.08,Warm
1871-08-01,1.66,NinoTemp
1871-09-01,-0.24,Cold
1871-10-01,-0.32,Cold
1871-11-01,-0.2,Cold
1871-12-01,-1.4,LaNinaTemp
1872-01-01,-0.19,Cold
1872-02-01,-0.54,LaNinaTemp
1872-03-01,0.55,NinoTemp
1872-04-01,1.1,NinoTemp
1872-05-01,-0.45,Cold
1872-06-01,0.16,Warm
1872-07-01,1.18,NinoTemp
1872-08-01,-0.33,Cold
1872-09-01,0.55,NinoTemp
1872-10-01,0.19,Warm
1872-11-01,0.25,Warm
1872-12-01,0.25,Warm
1873-01-01,0.05,Warm
1873-02-01,-0.36,Cold
1873-03-01,-0.35,Cold
1873-04-01,0.1,Warm
1873-05-01,-1.34,LaNinaTemp
1873-06-01,-0.72,LaNinaTemp
1873-07-01,1.1,NinoTemp
1873-08-01,0.23,Warm
1873-09-01,0.7,NinoTemp
1873-10-01,0.79,NinoTemp
1873-11-01,-0.61,LaNinaTemp
1873-12-01,-0.97,LaNinaTemp
1874-01-01,-0.9,LaNinaTemp
1874-02-01,1.13,NinoTemp
1874-03-01,0.89,NinoTemp
1874-04-01,-0.44,Cold
1874-05-01,-0.81,LaNinaTemp
1874-06-01,-0.07,Cold
1874-07-01,-0.63,LaNinaTemp
1874-08-01,-0.7,LaNinaTemp
1874-09-01,1.43,NinoTemp
1874-10-01,0.06,Warm
1874-11-01,-0.44,Cold
1874-12-01,-0.77,LaNinaTemp
1875-01-01,-0.83,LaNinaTemp
1875-02-01,1.2,NinoTemp
1875-03-01,0.61,NinoTemp
1875-04-01,-0.67,LaNinaTemp
1875-05-01,-0.35,Cold
1875-06-01,-1.05,LaNinaTemp
1875-07-01,-0.45,Cold
1875-08-01,0.06,Warm
1875-09-01,-1.09,LaNinaTemp
1875-10-01,-0.28,Cold
1875-11-01,0.51,NinoTemp
1875-12-01,0.3,Warm
1876-01-01,0.74,NinoTemp
1876-02-01,0.23,Warm
1876-03-01,-0.68,LaNinaTemp
1876-04-01,-0.79,LaNinaTemp
1876-05-01,-0.48,Cold
1876-06-01,-0.02,Cold
1876-07-01,-0.26,Cold
1876-08-01,-0.64,LaNinaTemp
1876-09-01,-1.2,LaNinaTemp
1876-10-01,0.14,Warm
1876-11-01,0.2,Warm
1876-12-01,-0.22,Cold
1877-01-01,-1.09,LaNinaTemp
1877-02-01,-0.29,Cold
1877-03-01,-1.04,LaNinaTemp
1877-04-01,-1.31,LaNinaTemp
1877-05-01,0.73,NinoTemp
1877-06-01,-0.12,Cold
1877-07-01,-0.35,Cold
1877-08-01,0.13,Warm
1877-09-01,-0.33,Cold
1877-10-01,-0.31,Cold
1877-11-01,-0.63,LaNinaTemp
1877-12-01,-0.43,Cold
1878-01-01,0.77,NinoTemp
1878-02-01,-0.82,LaNinaTemp
1878-03-01,-1.16,LaNinaTemp
1878-04-01,-0.08,Cold
1878-05-01,0.45,Warm
1878-06-01,-1.08,LaNinaTemp
1878-07-01,-0.15,Cold
1878-08-01,1.33,NinoTemp
1878-09-01,-0.82,LaNinaTemp
1878-10-01,-0.88,LaNinaTemp
1878-11-01,-0.88,LaNinaTemp
1878-12-01,0.29,Warm
1879-01-01,-0.07,Cold
1879-02-01,0.23,Warm
1879-03-01,-0.1,Cold
1879-04-01,-1.29,LaNinaTemp
1879-05-01,-0.12,Cold
1879-06-01,2.73,NinoTemp
1879-07-01,-0.29,Cold
1879-08-01,-0.77,LaNinaTemp
1879-09-01,-0.59,LaNinaTemp
1879-10-01,0.77,NinoTemp
1879-11-01,0.09,Warm
1879-12-01,-0.28,Cold
1880-01-01,-0.33,Cold
1880-02-01,-0.09,Cold
1880-03-01,0.36,Warm
1880-04-01,0.03,Warm
1880-05-01,-0.07,Cold
1880-06-01,0.91,NinoTemp
1880-07-01,-0.61,LaNinaTemp
1880-08-01,-0.56,LaNinaTemp
1880-09-01,3.55,NinoTemp
1880-10-01,-0.23,Cold
1880-11-01,-0.89,LaNinaTemp
1880-12-01,-0.76,LaNinaTemp
1881-01-01,-0.94,LaNinaTemp
1881-02-01,0.1,Warm
1881-03-01,-0.03,Cold
1881-04-01,0.03,Warm
1881-05-01,-0.69,LaNinaTemp
1881-06-01,0.57,NinoTemp
1881-07-01,-0.8,LaNinaTemp
1881-08-01,-0.17,Cold
1881-09-01,0.36,Warm
1881-10-01,-0.61,LaNinaTemp
1881-11-01,-0.39,Cold
1881-12-01,-0.7,LaNinaTemp
1882-01-01,0.37,Warm
1882-02-01,-0.16,Cold
1882-03-01,1.82,NinoTemp
1882-04-01,0.33,Warm
1882-05-01,-1.25,LaNinaTemp
1882-06-01,-0.96,LaNinaTemp
1882-07-01,-0.56,LaNinaTemp
1882-08-01,-1.25,LaNinaTemp
1882-09-01,-1.3,LaNinaTemp
1882-10-01,-1.46,LaNinaTemp
1882-11-01,-0.57,LaNinaTemp
1882-12-01,-1.8,LaNinaTemp
1883-01-01,0.09,Warm
1883-02-01,2.23,NinoTemp
1883-03-01,-0.31,Cold
1883-04-01,0.17,Warm
1883-05-01,-0.23,Cold
1883-06-01,-0.82,LaNinaTemp
1883-07-01,-1.09,LaNinaTemp
1883-08-01,-0.22,Cold
1883-09-01,0.04,Warm
1883-10-01,-1.3,LaNinaTemp
1883-11-01,-0.93,LaNinaTemp
1883-12-01,0.07,Warm
1884-01-01,1.17,NinoTemp
1884-02-01,-0.46,Cold
1884-03-01,-0.04,Cold
1884-04-01,-0.53,LaNinaTemp
1884-05-01,-1.04,LaNinaTemp
1884-06-01,-0.39,Cold
1884-07-01,-0.69,LaNinaTemp
1884-08-01,0.23,Warm
1884-09-01,0.88,NinoTemp
1884-10-01,-0.57,LaNinaTemp
1884-11-01,-0.17,Cold
1884-12-01,1.3,NinoTemp
1885-01-01,-0.28,Cold
1885-02-01,0.4,Warm
1885-03-01,-0.97,LaNinaTemp
1885-04-01,-0.61,LaNinaTemp
1885-05-01,-0.25,Cold
1885-06-01,0.13,Warm
1885-07-01,0.02,Warm
1885-08-01,-0.19,Cold
1885-09-01,-1.0,LaNinaTemp
1885-10-01,-0.93,LaNinaTemp
1885-11-01,-0.5,LaNinaTemp
1885-12-01,0.8,NinoTemp
1886-01-01,0.21,Warm
1886-02-01,0.17,Warm
1886-03-01,0.47,Warm
1886-04-01,-1.39,LaNinaTemp
1886-05-01,-1.15,LaNinaTemp
1886-06-01,-0.6,LaNinaTemp
1886-07-01,0.56,NinoTemp
1886-08-01,0.65,NinoTemp
1886-09-01,-0.59,LaNinaTemp
1886-10-01,0.36,Warm
1886-11-01,-0.07,Cold
1886-12-01,-0.6,LaNinaTemp
1887-01-01,0.64,NinoTemp
1887-02-01,0.68,NinoTemp
1887-03-01,0.07,Warm
1887-04-01,-0.24,Cold
1887-05-01,-0.32,Cold
1887-06-01,-0.31,Cold
1887-07-01,0.69,NinoTemp
1887-08-01,0.92,NinoTemp
1887-09-01,0.15,Warm
1887-10-01,-0.74,LaNinaTemp
1887-11-01,-1.81,LaNinaTemp
1887-12-01,0.2,Warm
1888-01-01,0.0,Cold
1888-02-01,-0.95,LaNinaTemp
1888-03-01,-0.25,Cold
1888-04-01,0.33,Warm
1888-05-01,0.94,NinoTemp
1888-06-01,0.08,Warm
1888-07-01,-0.07,Cold
1888-08-01,-0.1,Cold
1888-09-01,0.3,Warm
1888-10-01,-1.19,LaNinaTemp
1888-11-01,-0.57,LaNinaTemp
1888-12-01,0.42,Warm
1889-01-01,0.13,Warm
1889-02-01,-1.27,LaNinaTemp
1889-03-01,-0.56,LaNinaTemp
1889-04-01,-0.02,Cold
1889-05-01,0.39,Warm
1889-06-01,-0.47,Cold
1889-07-01,-1.18,LaNinaTemp
1889-08-01,-0.69,LaNinaTemp
1889-09-01,0.16,Warm
1889-10-01,0.99,NinoTemp
1889-11-01,0.07,Warm
1889-12-01,-0.4,Cold
1890-01-01,0.64,NinoTemp
1890-02-01,-0.44,Cold
1890-03-01,-0.5,LaNinaTemp
1890-04-01,-1.02,LaNinaTemp
1890-05-01,0.07,Warm
1890-06-01,-0.03,Cold
1890-07-01,-0.4,Cold
1890-08-01,-0.97,LaNinaTemp
1890-09-01,-0.21,Cold
1890-10-01,-0.44,Cold
1890-11-01,-1.44,LaNinaTemp
1890-12-01,0.41,Warm
1891-01-01,0.06,Warm
1891-02-01,-0.8,LaNinaTemp
1891-03-01,-0.74,LaNinaTemp
1891-04-01,-0.35,Cold
1891-05-01,-0.14,Cold
1891-06-01,-0.35,Cold
1891-07-01,-0.58,LaNinaTemp
1891-08-01,-0.25,Cold
1891-09-01,-0.83,LaNinaTemp
1891-10-01,-0.35,Cold
1891-11-01,2.03,NinoTemp
1891-12-01,-0.77,LaNinaTemp
1892-01-01,-1.13,LaNinaTemp
1892-02-01,-0.35,Cold
1892-03-01,1.02,NinoTemp
1892-04-01,-0.27,Cold
1892-05-01,0.05,Warm
1892-06-01,-0.27,Cold
1892-07-01,-0.1,Cold
1892-08-01,0.44,Warm
1892-09-01,0.2,Warm
1892-10-01,-0.33,Cold
1892-11-01,0.24,Warm
1892-12-01,-0.32,Cold
1893-01-01,-0.03,Cold
1893-02-01,2.88,NinoTemp
1893-03-01,0.05,Warm
1893-04-01,-0.47,Cold
1893-05-01,-0.33,Cold
1893-06-01,-0.3,Cold
1893-07-01,-0.21,Cold
1893-08-01,-0.2,Cold
1893-09-01,-0.61,LaNinaTemp
1893-10-01,0.33,Warm
1893-11-01,0.06,Warm
1893-12-01,-0.16,Cold
1894-01-01,-0.31,Cold
1894-02-01,0.04,Warm
1894-03-01,0.07,Warm
1894-04-01,0.4,Warm
1894-05-01,-0.32,Cold
1894-06-01,-0.67,LaNinaTemp
1894-07-01,-0.62,LaNinaTemp
1894-08-01,1.09,NinoTemp
1894-09-01,0.92,NinoTemp
1894-10-01,-0.43,Cold
1894-11-01,-0.65,LaNinaTemp
1894-12-01,-0.78,LaNinaTemp
1895-01-01,-1.02,LaNinaTemp
1895-02-01,-1.83,LaNinaTemp
1895-03-01,-1.17,LaNinaTemp
1895-04-01,-0.81,LaNinaTemp
1895-05-01,-1.52,LaNinaTemp
1895-06-01,0.18,Warm
1895-07-01,1.0,NinoTemp
1895-08-01,-0.42,Cold
1895-09-01,-0.33,Cold
1895-10-01,-0.33,Cold
1895-11-01,-0.61,LaNinaTemp
1895-12-01,-1.06,LaNinaTemp
1896-01-01,0.57,NinoTemp
1896-02-01,-0.44,Cold
1896-03-01,-1.14,LaNinaTemp
1896-04-01,-1.22,LaNinaTemp
1896-05-01,0.35,Warm
1896-06-01,0.87,NinoTemp
1896-07-01,-0.56,LaNinaTemp
1896-08-01,0.29,Warm
1896-09-01,-0.81,LaNinaTemp
1896-10-01,-0.72,LaNinaTemp
1896-11-01,-0.44,Cold
1896-12-01,-0.93,LaNinaTemp
1897-01-01,0.16,Warm
1897-02-01,0.98,NinoTemp
1897-03-01,-0.51,LaNinaTemp
1897-04-01,0.16,Warm
1897-05-01,1.44,NinoTemp
1897-06-01,-0.6,LaNinaTemp
1897-07-01,0.86,NinoTemp
1897-08-01,-0.7,LaNinaTemp
1897-09-01,-0.96,LaNinaTemp
1897-10-01,0.49,Warm
1897-11-01,-0.36,Cold
1897-12-01,-0.45,Cold
1898-01-01,-0.07,Cold
1898-02-01,-0.22,Cold
1898-03-01,-0.99,LaNinaTemp
1898-04-01,-0.86,LaNinaTemp
1898-05-01,0.53,NinoTemp
1898-06-01,-0.51,LaNinaTemp
1898-07-01,0.51,NinoTemp
1898-08-01,0.47,Warm
1898-09-01,-1.12,LaNinaTemp
1898-10-01,-0.92,LaNinaTemp
1898-11-01,-0.19,Cold
1898-12-01,0.27,Warm
1899-01-01,0.22,Warm
1899-02-01,-0.53,LaNinaTemp
1899-03-01,-0.31,Cold
1899-04-01,-0.57,LaNinaTemp
1899-05-01,-1.24,LaNinaTemp
1899-06-01,0.76,NinoTemp
1899-07-01,0.72,NinoTemp
1899-08-01,-0.17,Cold
1899-09-01,0.05,Warm
1899-10-01,-0.06,Cold
1899-11-01,-0.06,Cold
1899-12-01,0.59,NinoTemp
1900-01-01,0.82,NinoTemp
1900-02-01,0.09,Warm
1900-03-01,0.06,Warm
1900-04-01,-0.47,Cold
1900-05-01,-0.1,Cold
1900-06-01,-0.63,LaNinaTemp
1900-07-01,-0.62,LaNinaTemp
1900-08-01,-0.35,Cold
1900-09-01,0.26,Warm
1900-10-01,1.42,NinoTemp
1900-11-01,-0.49,Cold
1900-12-01,-0.43,Cold
1901-01-01,0.22,Warm
1901-02-01,-0.39,Cold
1901-03-01,-0.94,LaNinaTemp
1901-04-01,-0.09,Cold
1901-05-01,0.57,NinoTemp
1901-06-01,0.79,NinoTemp
1901-07-01,-0.68,LaNinaTemp
1901-08-01,-0.22,Cold
1901-09-01,0.33,Warm
1901-10-01,0.8,NinoTemp
1901-11-01,-0.27,Cold
1901-12-01,-0.6,LaNinaTemp
1902-01-01,0.13,Warm
1902-02-01,1.34,NinoTemp
1902-03-01,0.86,NinoTemp
1902-04-01,0.93,NinoTemp
1902-05-01,-0.18,Cold
1902-06-01,-0.04,Cold
1902-07-01,-1.4,LaNinaTemp
1902-08-01,-0.02,Cold
1902-09-01,-1.0,LaNinaTemp
1902-10-01,0.61,NinoTemp
1902-11-01,-1.06,LaNinaTemp
1902-12-01,-0.66,LaNinaTemp
1903-01-01,-1.17,LaNinaTemp
1903-02-01,0.79,NinoTemp
1903-03-01,-0.88,LaNinaTemp
1903-04-01,-0.97,LaNinaTemp
1903-05-01,0.78,NinoTemp
1903-06-01,-0.37,Cold
1903-07-01,-0.16,Cold
1903-08-01,0.22,Warm
1903-09-01,0.17,Warm
1903-10-01,-0.38,Cold
1903-11-01,-0.77,LaNinaTemp
1903-12-01,-0.25,Cold
1904-01-01,0.02,Warm
1904-02-01,-0.19,Cold
1904-03-01,-0.72,LaNinaTemp
1904-04-01,2.34,NinoTemp
1904-05-01,-0.41,Cold
1904-06-01,-0.59,LaNinaTemp
1904-07-01,-0.84,LaNinaTemp
1904-08-01,1.15,NinoTemp
1904-09-01,-0.52,LaNinaTemp
1904-10-01,-0.45,Cold
1904-11-01,-0.41,Cold
1904-12-01,0.0,Cold
1905-01-01,0.92,NinoTemp
1905-02-01,0.53,NinoTemp
1905-03-01,-1.13,LaNinaTemp
1905-04-01,-0.57,LaNinaTemp
1905-05-01,-0.07,Cold
1905-06-01,0.82,NinoTemp
1905-07-01,2.88,NinoTemp
1905-08-01,0.29,Warm
1905-09-01,-0.56,LaNinaTemp
1905-10-01,0.35,Warm
1905-11-01,0.62,NinoTemp
1905-12-01,-0.49,Cold
1906-01-01,-0.34,Cold
1906-02-01,-1.15,LaNinaTemp
1906-03-01,-0.27,Cold
1906-04-01,-0.65,LaNinaTemp
1906-05-01,0.33,Warm
1906-06-01,-0.85,LaNinaTemp
1906-07-01,-0.04,Cold
1906-08-01,-0.43,Cold
1906-09-01,-0.02,Cold
1906-10-01,-0.38,Cold
1906-11-01,-0.51,LaNinaTemp
1906-12-01,-0.01,Cold
1907-01-01,1.1,NinoTemp
1907-02-01,1.56,NinoTemp
1907-03-01,-1.3,LaNinaTemp
1907-04-01,-0.32,Cold
1907-05-01,-0.59,LaNinaTemp
1907-06-01,-0.7,LaNinaTemp
1907-07-01,-1.01,LaNinaTemp
1907-08-01,-0.94,LaNinaTemp
1907-09-01,-0.54,LaNinaTemp
1907-10-01,-1.39,LaNinaTemp
1907-11-01,0.03,Warm
1907-12-01,0.57,NinoTemp
1908-01-01,-0.35,Cold
1908-02-01,-0.37,Cold
1908-03-01,-0.17,Cold
1908-04-01,-0.17,Cold
1908-05-01,-0.53,LaNinaTemp
1908-06-01,0.72,NinoTemp
1908-07-01,-0.29,Cold
1908-08-01,-0.84,LaNinaTemp
1908-09-01,-0.96,LaNinaTemp
1908-10-01,0.88,NinoTemp
1908-11-01,0.66,NinoTemp
1908-12-01,-0.8,LaNinaTemp
1909-01-01,0.66,NinoTemp
1909-02-01,-0.84,LaNinaTemp
1909-03-01,-0.8,LaNinaTemp
1909-04-01,-0.45,Cold
1909-05-01,-0.45,Cold
1909-06-01,0.2,Warm
1909-07-01,0.42,Warm
1909-08-01,-0.64,LaNinaTemp
1909-09-01,0.13,Warm
1909-10-01,1.03,NinoTemp
1909-11-01,-0.6,LaNinaTemp
1909-12-01,0.48,Warm
1910-01-01,-0.75,LaNinaTemp
1910-02-01,-0.9,LaNinaTemp
1910-03-01,-0.12,Cold
1910-04-01,-0.62,LaNinaTemp
1910-05-01,-0.63,LaNinaTemp
1910-06-01,-1.24,LaNinaTemp
1910-07-01,-0.79,LaNinaTemp
1910-08-01,-0.8,LaNinaTemp
1910-09-01,-1.32,LaNinaTemp
1910-10-01,0.61,NinoTemp
1910-11-01,-1.65,LaNinaTemp
1910-12-01,-0.52,LaNinaTemp
1911-01-01,0.94,NinoTemp
1911-02-01,-1.1,LaNinaTemp
1911-03-01,-0.06,Cold
1911-04-01,0.69,NinoTemp
1911-05-01,0.56,NinoTemp
1911-06-01,0.13,Warm
1911-07-01,-0.86,LaNinaTemp
1911-08-01,-0.25,Cold
1911-09-01,0.5,Warm
1911-10-01,-0.91,LaNinaTemp
1911-11-01,0.9,NinoTemp
1911-12-01,0.81,NinoTemp
1912-01-01,-0.38,Cold
1912-02-01,-0.2,Cold
1912-03-01,0.58,NinoTemp
1912-04-01,0.67,NinoTemp
1912-05-01,0.61,NinoTemp
1912-06-01,0.55,NinoTemp
1912-07-01,-0.12,Cold
1912-08-01,0.23,Warm
1912-09-01,0.51,NinoTemp
1912-10-01,0.23,Warm
1912-11-01,0.06,Warm
1912-12-01,-1.48,LaNinaTemp
1913-01-01,-0.19,Cold
1913-02-01,0.33,Warm
1913-03-01,1.41,NinoTemp
1913-04-01,-0.77,LaNinaTemp
1913-05-01,0.21,Warm
1913-06-01,0.24,Warm
1913-07-01,-0.02,Cold
1913-08-01,-0.35,Cold
1913-09-01,-0.14,Cold
1913-10-01,0.1,Warm
1913-11-01,0.43,Warm
1913-12-01,-1.22,LaNinaTemp
1914-01-01,0.3,Warm
1914-02-01,-0.51,LaNinaTemp
1914-03-01,1.13,NinoTemp
1914-04-01,-2.17,LaNinaTemp
1914-05-01,-0.46,Cold
1914-06-01,-0.23,Cold
1914-07-01,1.38,NinoTemp
1914-08-01,1.47,NinoTemp
1914-09-01,0.72,NinoTemp
1914-10-01,-0.82,LaNinaTemp
1914-11-01,-0.3,Cold
1914-12-01,-1.66,LaNinaTemp
1915-01-01,-0.54,LaNinaTemp
1915-02-01,-0.86,LaNinaTemp
1915-03-01,1.69,NinoTemp
1915-04-01,-1.08,LaNinaTemp
1915-05-01,-0.27,Cold
1915-06-01,-1.32,LaNinaTemp
1915-07-01,1.22,NinoTemp
1915-08-01,-0.71,LaNinaTemp
1915-09-01,-0.23,Cold
1915-10-01,1.14,NinoTemp
1915-11-01,-0.82,LaNinaTemp
1915-12-01,0.02,Warm
1916-01-01,0.28,Warm
1916-02-01,0.59,NinoTemp
1916-03-01,-0.68,LaNinaTemp
1916-04-01,-0.37,Cold
1916-05-01,0.51,NinoTemp
1916-06-01,0.0,Cold
1916-07-01,-0.31,Cold
1916-08-01,-0.51,LaNinaTemp
1916-09-01,3.36,NinoTemp
1916-10-01,-0.25,Cold
1916-11-01,-1.38,LaNinaTemp
1916-12-01,-0.86,LaNinaTemp
1917-01-01,1.51,NinoTemp
1917-02-01,-0.9,LaNinaTemp
1917-03-01,-0.49,Cold
1917-04-01,-0.33,Cold
1917-05-01,-0.68,LaNinaTemp
1917-06-01,1.72,NinoTemp
1917-07-01,0.83,NinoTemp
1917-08-01,-1.22,LaNinaTemp
1917-09-01,-0.99,LaNinaTemp
1917-10-01,-1.27,LaNinaTemp
1917-11-01,0.98,NinoTemp
1917-12-01,3.0,NinoTemp
1918-01-01,-0.78,LaNinaTemp
1918-02-01,0.46,Warm
1918-03-01,0.42,Warm
1918-04-01,0.33,Warm
1918-05-01,-0.9,LaNinaTemp
1918-06-01,-0.45,Cold
1918-07-01,-0.36,Cold
1918-08-01,-0.89,LaNinaTemp
1918-09-01,-1.05,LaNinaTemp
1918-10-01,0.5,Warm
1918-11-01,0.0,Cold
1918-12-01,0.51,NinoTemp
1919-01-01,-0.05,Cold
1919-02-01,0.48,Warm
1919-03-01,-1.32,LaNinaTemp
1919-04-01,-0.25,Cold
1919-05-01,0.64,NinoTemp
1919-06-01,0.29,Warm
1919-07-01,0.49,Warm
1919-08-01,-0.81,LaNinaTemp
1919-09-01,-0.64,LaNinaTemp
1919-10-01,-0.76,LaNinaTemp
1919-11-01,-0.75,LaNinaTemp
1919-12-01,-1.12,LaNinaTemp
1920-01-01,0.07,Warm
1920-02-01,-1.19,LaNinaTemp
1920-03-01,-0.97,LaNinaTemp
1920-04-01,-0.1,Cold
1920-05-01,0.16,Warm
1920-06-01,-0.62,LaNinaTemp
1920-07-01,-0.3,Cold
1920-08-01,-0.05,Cold
1920-09-01,-0.32,Cold
1920-10-01,-0.17,Cold
1920-11-01,0.68,NinoTemp
1920-12-01,-0.48,Cold
1921-01-01,-1.13,LaNinaTemp
1921-02-01,-0.81,LaNinaTemp
1921-03-01,0.89,NinoTemp
1921-04-01,0.18,Warm
1921-05-01,-0.76,LaNinaTemp
1921-06-01,1.03,NinoTemp
1921-07-01,-0.92,LaNinaTemp
1921-08-01,-0.82,LaNinaTemp
1921-09-01,-0.43,Cold
1921-10-01,-0.29,Cold
1921-11-01,0.58,NinoTemp
1921-12-01,0.29,Warm
1922-01-01,-0.96,LaNinaTemp
1922-02-01,0.13,Warm
1922-03-01,0.76,NinoTemp
1922-04-01,-1.12,LaNinaTemp
1922-05-01,0.84,NinoTemp
1922-06-01,-0.52,LaNinaTemp
1922-07-01,0.06,Warm
1922-08-01,1.83,NinoTemp
1922-09-01,-0.12,Cold
1922-10-01,-1.08,LaNinaTemp
1922-11-01,-1.02,LaNinaTemp
1922-12-01,-1.02,LaNinaTemp
1923-01-01,-1.11,LaNinaTemp
1923-02-01,-1.01,LaNinaTemp
1923-03-01,0.11,Warm
1923-04-01,-0.86,LaNinaTemp
1923-05-01,-0.25,Cold
1923-06-01,1.39,NinoTemp
1923-07-01,-1.37,LaNinaTemp
1923-08-01,-0.04,Cold
1923-09-01,1.34,NinoTemp
1923-10-01,0.87,NinoTemp
1923-11-01,0.17,Warm
1923-12-01,-0.63,LaNinaTemp
1924-01-01,-0.37,Cold
1924-02-01,-0.13,Cold
1924-03-01,-1.59,LaNinaTemp
1924-04-01,0.35,Warm
1924-05-01,0.3,Warm
1924-06-01,-0.37,Cold
1924-07-01,-0.34,Cold
1924-08-01,0.25,Warm
1924-09-01,0.27,Warm
1924-10-01,-0.17,Cold
1924-11-01,1.39,NinoTemp
1924-12-01,-0.73,LaNinaTemp
1925-01-01,0.08,Warm
1925-02-01,0.05,Warm
1925-03-01,0.15,Warm
1925-04-01,-0.91,LaNinaTemp
1925-05-01,-0.1,Cold
1925-06-01,0.43,Warm
1925-07-01,0.21,Warm
1925-08-01,1.24,NinoTemp
1925-09-01,-0.36,Cold
1925-10-01,0.42,Warm
1925-11-01,-0.02,Cold
1925-12-01,0.54,NinoTemp
1926-01-01,-0.17,Cold
1926-02-01,-0.55,LaNinaTemp
1926-03-01,0.17,Warm
1926-04-01,0.06,Warm
1926-05-01,-0.61,LaNinaTemp
1926-06-01,0.75,NinoTemp
1926-07-01,-0.05,Cold
1926-08-01,1.29,NinoTemp
1926-09-01,-1.92,LaNinaTemp
1926-10-01,-1.2,LaNinaTemp
1926-11-01,-0.57,LaNinaTemp
1926-12-01,2.16,NinoTemp
1927-01-01,1.07,NinoTemp
1927-02-01,0.42,Warm
1927-03-01,-0.32,Cold
1927-04-01,-0.26,Cold
1927-05-01,-0.54,LaNinaTemp
1927-06-01,0.1,Warm
1927-07-01,-2.05,LaNinaTemp
1927-08-01,2.16,NinoTemp
1927-09-01,-0.75,LaNinaTemp
1927-10-01,-0.68,LaNinaTemp
1927-11-01,-1.44,LaNinaTemp
1927-12-01,1.91,NinoTemp
1928-01-01,-0.88,LaNinaTemp
1928-02-01,-0.95,LaNinaTemp
1928-03-01,1.32,NinoTemp
1928-04-01,-1.04,LaNinaTemp
1928-05-01,0.34,Warm
1928-06-01,-0.47,Cold
1928-07-01,0.81,NinoTemp
1928-08-01,-0.45,Cold
1928-09-01,-0.54,LaNinaTemp
1928-10-01,0.27,Warm
1928-11-01,0.25,Warm
1928-12-01,-0.22,Cold
1929-01-01,0.08,Warm
1929-02-01,4.1,NinoTemp
1929-03-01,-1.11,LaNinaTemp
1929-04-01,-1.41,LaNinaTemp
1929-05-01,-0.82,LaNinaTemp
1929-06-01,1.35,NinoTemp
1929-07-01,-1.09,LaNinaTemp
1929-08-01,-1.16,LaNinaTemp
1929-09-01,-0.23,Cold
1929-10-01,-0.01,Cold
1929-11-01,1.83,NinoTemp
1929-12-01,1.13,NinoTemp
1930-01-01,-0.91,LaNinaTemp
1930-02-01,-1.01,LaNinaTemp
1930-03-01,-0.82,LaNinaTemp
1930-04-01,2.16,NinoTemp
1930-05-01,3.01,NinoTemp
1930-06-01,-0.43,Cold
1930-07-01,-0.29,Cold
1930-08-01,-0.64,LaNinaTemp
1930-09-01,0.18,Warm
1930-10-01,-1.35,LaNinaTemp
1930-11-01,-0.96,LaNinaTemp
1930-12-01,0.22,Warm
1931-01-01,-0.39,Cold
1931-02-01,-1.47,LaNinaTemp
1931-03-01,-0.32,Cold
1931-04-01,0.17,Warm
1931-05-01,0.39,Warm
1931-06-01,0.25,Warm
1931-07-01,0.43,Warm
1931-08-01,-1.44,LaNinaTemp
1931-09-01,0.74,NinoTemp
1931-10-01,1.59,NinoTemp
1931-11-01,0.45,Warm
1931-12-01,0.25,Warm
1932-01-01,-0.46,Cold
1932-02-01,-0.96,LaNinaTemp
1932-03-01,-0.25,Cold
1932-04-01,-0.6,LaNinaTemp
1932-05-01,-0.34,Cold
1932-06-01,-0.52,LaNinaTemp
1932-07-01,-0.71,LaNinaTemp
1932-08-01,-0.68,LaNinaTemp
1932-09-01,-0.32,Cold
1932-10-01,0.36,Warm
1932-11-01,-0.25,Cold
1932-12-01,-0.4,Cold
1933-01-01,0.15,Warm
1933-02-01,-0.84,LaNinaTemp
1933-03-01,0.02,Warm
1933-04-01,0.43,Warm
1933-05-01,-0.61,LaNinaTemp
1933-06-01,-1.27,LaNinaTemp
1933-07-01,-0.23,Cold
1933-08-01,1.56,NinoTemp
1933-09-01,-0.17,Cold
1933-10-01,-0.93,LaNinaTemp
1933-11-01,1.03,NinoTemp
1933-12-01,-0.85,LaNinaTemp
1934-01-01,-0.95,LaNinaTemp
1934-02-01,-0.14,Cold
1934-03-01,-0.41,Cold
1934-04-01,0.83,NinoTemp
1934-05-01,0.29,Warm
1934-06-01,-0.71,LaNinaTemp
1934-07-01,0.63,NinoTemp
1934-08-01,0.96,NinoTemp
1934-09-01,-1.02,LaNinaTemp
1934-10-01,1.43,NinoTemp
1934-11-01,0.17,Warm
1934-12-01,-0.09,Cold
1935-01-01,1.71,NinoTemp
1935-02-01,-0.11,Cold
1935-03-01,-0.5,LaNinaTemp
1935-04-01,0.13,Warm
1935-05-01,-1.4,LaNinaTemp
1935-06-01,-1.12,LaNinaTemp
1935-07-01,-0.36,Cold
1935-08-01,-0.11,Cold
1935-09-01,-0.17,Cold
1935-10-01,0.09,Warm
1935-11-01,1.95,NinoTemp
1935-12-01,-1.39,LaNinaTemp
1936-01-01,-0.04,Cold
1936-02-01,2.02,NinoTemp
1936-03-01,0.88,NinoTemp
1936-04-01,-0.34,Cold
1936-05-01,-0.62,LaNinaTemp
1936-06-01,-0.99,LaNinaTemp
1936-07-01,0.78,NinoTemp
1936-08-01,-1.03,LaNinaTemp
1936-09-01,1.24,NinoTemp
1936-10-01,0.09,Warm
1936-11-01,-0.39,Cold
1936-12-01,-0.67,LaNinaTemp
1937-01-01,0.48,Warm
1937-02-01,0.57,NinoTemp
1937-03-01,-0.19,Cold
1937-04-01,1.4,NinoTemp
1937-05-01,-0.32,Cold
1937-06-01,0.65,NinoTemp
1937-07-01,-0.36,Cold
1937-08-01,-0.32,Cold
1937-09-01,-0.7,LaNinaTemp
1937-10-01,-1.39,LaNinaTemp
1937-11-01,0.42,Warm
1937-12-01,0.53,NinoTemp
1938-01-01,0.29,Warm
1938-02-01,-0.96,LaNinaTemp
1938-03-01,0.44,Warm
1938-04-01,0.49,Warm
1938-05-01,0.19,Warm
1938-06-01,-0.94,LaNinaTemp
1938-07-01,-0.77,LaNinaTemp
1938-08-01,-0.41,Cold
1938-09-01,0.35,Warm
1938-10-01,-0.91,LaNinaTemp
1938-11-01,1.5,NinoTemp
1938-12-01,-0.22,Cold
1939-01-01,0.89,NinoTemp
1939-02-01,-1.37,LaNinaTemp
1939-03-01,-1.03,LaNinaTemp
1939-04-01,-0.42,Cold
1939-05-01,2.25,NinoTemp
1939-06-01,1.06,NinoTemp
1939-07-01,0.24,Warm
1939-08-01,-0.69,LaNinaTemp
1939-09-01,-0.26,Cold
1939-10-01,-0.63,LaNinaTemp
1939-11-01,0.04,Warm
1939-12-01,-1.23,LaNinaTemp
1940-01-01,1.98,NinoTemp
1940-02-01,-0.76,LaNinaTemp
1940-03-01,-0.44,Cold
1940-04-01,-0.99,LaNinaTemp
1940-05-01,1.71,NinoTemp
1940-06-01,-1.07,LaNinaTemp
1940-07-01,-0.85,LaNinaTemp
1940-08-01,2.25,NinoTemp
1940-09-01,-0.91,LaNinaTemp
1940-10-01,0.23,Warm
1940-11-01,-0.58,LaNinaTemp
1940-12-01,1.56,NinoTemp
1941-01-01,0.08,Warm
1941-02-01,-0.86,LaNinaTemp
1941-03-01,0.76,NinoTemp
1941-04-01,0.21,Warm
1941-05-01,-0.06,Cold
1941-06-01,0.27,Warm
1941-07-01,4.56,NinoTemp
1941-08-01,-0.92,LaNinaTemp
1941-09-01,-1.25,LaNinaTemp
1941-10-01,-0.9,LaNinaTemp
1941-11-01,1.06,NinoTemp
1941-12-01,-1.96,LaNinaTemp
1942-01-01,-0.73,LaNinaTemp
1942-02-01,-0.05,Cold
1942-03-01,0.24,Warm
1942-04-01,0.71,NinoTemp
1942-05-01,0.88,NinoTemp
1942-06-01,-0.59,LaNinaTemp
1942-07-01,-0.53,LaNinaTemp
1942-08-01,-1.07,LaNinaTemp
1942-09-01,3.17,NinoTemp
1942-10-01,2.0,NinoTemp
1942-11-01,-0.55,LaNinaTemp
1942-12-01,-0.65,LaNinaTemp
1943-01-01,-0.86,LaNinaTemp
1943-02-01,-0.4,Cold
1943-03-01,-0.91,LaNinaTemp
1943-04-01,-0.69,LaNinaTemp
1943-05-01,-0.15,Cold
1943-06-01,-0.19,Cold
1943-07-01,-1.4,LaNinaTemp
1943-08-01,0.26,Warm
1943-09-01,0.54,NinoTemp
1943-10-01,0.14,Warm
1943-11-01,0.37,Warm
1943-12-01,0.99,NinoTemp
1944-01-01,-1.44,LaNinaTemp
1944-02-01,1.17,NinoTemp
1944-03-01,2.19,NinoTemp
1944-04-01,0.52,NinoTemp
1944-05-01,0.2,Warm
1944-06-01,-0.47,Cold
1944-07-01,-0.98,LaNinaTemp
1944-08-01,-0.34,Cold
1944-09-01,-0.7,LaNinaTemp
1944-10-01,-0.29,Cold
1944-11-01,-0.77,LaNinaTemp
1944-12-01,-1.26,LaNinaTemp
1945-01-01,-0.38,Cold
1945-02-01,0.77,NinoTemp
1945-03-01,0.2,Warm
1945-04-01,-0.05,Cold
1945-05-01,0.2,Warm
1945-06-01,-0.08,Cold
1945-07-01,-0.97,LaNinaTemp
1945-08-01,-0.41,Cold
1945-09-01,-0.13,Cold
1945-10-01,-0.51,LaNinaTemp
1945-11-01,-1.13,LaNinaTemp
1945-12-01,-0.09,Cold
1946-01-01,0.55,NinoTemp
1946-02-01,-0.45,Cold
1946-03-01,-1.01,LaNinaTemp
1946-04-01,0.82,NinoTemp
1946-05-01,-0.88,LaNinaTemp
1946-06-01,-0.96,LaNinaTemp
1946-07-01,-0.07,Cold
1946-08-01,-0.25,Cold
1946-09-01,0.76,NinoTemp
1946-10-01,0.12,Warm
1946-11-01,0.12,Warm
1946-12-01,-0.01,Cold
1947-01-01,0.42,Warm
1947-02-01,-0.86,LaNinaTemp
1947-03-01,1.64,NinoTemp
1947-04-01,-0.75,LaNinaTemp
1947-05-01,0.51,NinoTemp
1947-06-01,1.12,NinoTemp
1947-07-01,-1.17,LaNinaTemp
1947-08-01,-1.28,LaNinaTemp
1947-09-01,-0.96,LaNinaTemp
1947-10-01,-1.31,LaNinaTemp
1947-11-01,-0.99,LaNinaTemp
1947-12-01,-0.03,Cold
1948-01-01,-0.86,LaNinaTemp
1948-02-01,-0.15,Cold
1948-03-01,0.73,NinoTemp
1948-04-01,0.35,Warm
1948-05-01,-1.92,LaNinaTemp
1948-06-01,0.74,NinoTemp
1948-07-01,1.94,NinoTemp
1948-08-01,0.31,Warm
1948-09-01,-1.55,LaNinaTemp
1948-10-01,-0.64,LaNinaTemp
1948-11-01,-1.14,LaNinaTemp
1948-12-01,0.75,NinoTemp
1949-01-01,-1.0,LaNinaTemp
1949-02-01,0.94,NinoTemp
1949-03-01,0.5,Warm
1949-04-01,-0.61,LaNinaTemp
1949-05-01,-0.87,LaNinaTemp
1949-06-01,-0.06,Cold
1949-07-01,0.76,NinoTemp
1949-08-01,0.2,Warm
1949-09-01,0.84,NinoTemp
1949-10-01,-1.01,LaNinaTemp
1949-11-01,-0.63,LaNinaTemp
1949-12-01,-0.8,LaNinaTemp
1950-01-01,-0.13,Cold
1950-02-01,-0.26,Cold
1950-03-01,-2.34,
1950-04-01,0.02,Warm
1950-05-01,0.12,Warm
1950-06-01,0.14,Warm
1950-07-01,-1.28,LaNinaTemp
1950-08-01,0.61,NinoTemp
1950-09-01,0.12,Warm
1950-10-01,0.22,Warm
1950-11-01,-0.42,Cold
1950-12-01,-0.9,LaNinaTemp
1951-01-01,-0.71,LaNinaTemp
1951-02-01,-0.9,LaNinaTemp
1951-03-01,-1.1,LaNinaTemp
1951-04-01,2.2,NinoTemp
1951-05-01,-0.95,LaNinaTemp
1951-06-01,0.82,NinoTemp
1951-07-01,-1.58,LaNinaTemp
1951-08-01,-0.67,LaNinaTemp
1951-09-01,0.13,Warm
1951-10-01,2.14,NinoTemp
1951-11-01,0.8,NinoTemp
1951-12-01,-0.24,Cold
1952-01-01,-0.58,LaNinaTemp
1952-02-01,-0.86,LaNinaTemp
1952-03-01,-0.77,LaNinaTemp
1952-04-01,0.24,Warm
1952-05-01,-1.12,LaNinaTemp
1952-06-01,1.72,NinoTemp
1952-07-01,-0.35,Cold
1952-08-01,-0.7,LaNinaTemp
1952-09-01,-0.23,Cold
1952-10-01,0.62,NinoTemp
1952-11-01,-1.82,LaNinaTemp
1952-12-01,-0.52,LaNinaTemp
1953-01-01,2.66,NinoTemp
1953-02-01,-1.08,LaNinaTemp
1953-03-01,0.16,Warm
1953-04-01,-0.32,Cold
1953-05-01,2.02,NinoTemp
1953-06-01,0.03,Warm
1953-07-01,-0.4,Cold
1953-08-01,0.45,Warm
1953-09-01,-0.44,Cold
1953-10-01,-0.56,LaNinaTemp
1953-11-01,0.6,NinoTemp
1953-12-01,3.93,NinoTemp
1954-01-01,-0.54,LaNinaTemp
1954-02-01,-1.04,LaNinaTemp
1954-03-01,-0.14,Cold
1954-04-01,1.19,NinoTemp
1954-05-01,-1.54,LaNinaTemp
1954-06-01,-0.44,Cold
1954-07-01,-0.87,LaNinaTemp
1954-08-01,0.6,NinoTemp
1954-09-01,-0.05,Cold
1954-10-01,0.32,Warm
1954-11-01,-0.82,LaNinaTemp
1954-12-01,-0.25,Cold
1955-01-01,-0.98,LaNinaTemp
1955-02-01,3.63,NinoTemp
1955-03-01,1.31,NinoTemp
1955-04-01,-0.65,LaNinaTemp
1955-05-01,-0.57,LaNinaTemp
1955-06-01,-0.7,LaNinaTemp
1955-07-01,-0.44,Cold
1955-08-01,-0.58,LaNinaTemp
1955-09-01,-0.7,LaNinaTemp
1955-10-01,-0.06,Cold
1955-11-01,0.18,Warm
1955-12-01,-0.94,LaNinaTemp
1956-01-01,0.47,Warm
1956-02-01,0.7,NinoTemp
1956-03-01,-1.05,LaNinaTemp
1956-04-01,0.27,Warm
1956-05-01,0.82,NinoTemp
1956-06-01,-1.36,LaNinaTemp
1956-07-01,1.04,NinoTemp
1956-08-01,2.32,NinoTemp
1956-09-01,-0.06,Cold
1956-10-01,-0.46,Cold
1956-11-01,-0.08,Cold
1956-12-01,-1.02,LaNinaTemp
1957-01-01,-0.3,Cold
1957-02-01,-0.83,LaNinaTemp
1957-03-01,-0.28,Cold
1957-04-01,-1.01,LaNinaTemp
1957-05-01,-1.05,LaNinaTemp
1957-06-01,-0.17,Cold
1957-07-01,1.14,NinoTemp
1957-08-01,-0.04,Cold
1957-09-01,-0.19,Cold
1957-10-01,0.33,Warm
1957-11-01,-0.44,Cold
1957-12-01,-1.16,LaNinaTemp
1958-01-01,-0.75,LaNinaTemp
1958-02-01,0.0,Cold
1958-03-01,-0.12,Cold
1958-04-01,-1.3,LaNinaTemp
1958-05-01,-0.25,Cold
1958-06-01,0.58,NinoTemp
1958-07-01,-0.81,LaNinaTemp
1958-08-01,-0.81,LaNinaTemp
1958-09-01,0.33,Warm
1958-10-01,-1.17,LaNinaTemp
1958-11-01,-0.94,LaNinaTemp
1958-12-01,-0.16,Cold
1959-01-01,0.22,Warm
1959-02-01,1.47,NinoTemp
1959-03-01,0.07,Warm
1959-04-01,0.11,Warm
1959-05-01,1.34,NinoTemp
1959-06-01,0.08,Warm
1959-07-01,-0.68,LaNinaTemp
1959-08-01,1.01,NinoTemp
1959-09-01,-0.92,LaNinaTemp
1959-10-01,1.21,NinoTemp
1959-11-01,1.35,NinoTemp
1959-12-01,-1.47,LaNinaTemp
1960-01-01,-1.56,LaNinaTemp
1960-02-01,-0.63,LaNinaTemp
1960-03-01,-1.51,LaNinaTemp
1960-04-01,-0.91,LaNinaTemp
1960-05-01,0.97,NinoTemp
1960-06-01,-0.3,Cold
1960-07-01,0.59,NinoTemp
1960-08-01,0.81,NinoTemp
1960-09-01,-0.11,Cold
1960-10-01,-2.01,LaNinaTemp
1960-11-01,0.39,Warm
1960-12-01,1.73,NinoTemp
1961-01-01,0.01,Warm
1961-02-01,-0.63,LaNinaTemp
1961-03-01,-1.03,LaNinaTemp
1961-04-01,-1.18,LaNinaTemp
1961-05-01,-0.14,Cold
1961-06-01,-0.95,LaNinaTemp
1961-07-01,1.05,NinoTemp
1961-08-01,-0.36,Cold
1961-09-01,-0.23,Cold
1961-10-01,-0.51,LaNinaTemp
1961-11-01,-0.07,Cold
1961-12-01,0.97,NinoTemp
1962-01-01,-0.27,Cold
1962-02-01,0.5,Warm
1962-03-01,-0.6,LaNinaTemp
1962-04-01,0.46,Warm
1962-05-01,-0.15,Cold
1962-06-01,-0.34,Cold
1962-07-01,-0.39,Cold
1962-08-01,-1.19,LaNinaTemp
1962-09-01,0.26,Warm
1962-10-01,0.45,Warm
1962-11-01,0.85,NinoTemp
1962-12-01,-1.48,LaNinaTemp
1963-01-01,0.47,Warm
1963-02-01,0.34,Warm
1963-03-01,0.55,NinoTemp
1963-04-01,-0.68,LaNinaTemp
1963-05-01,-0.49,Cold
1963-06-01,-0.18,Cold
1963-07-01,-0.77,LaNinaTemp
1963-08-01,-0.15,Cold
1963-09-01,1.61,NinoTemp
1963-10-01,-0.32,Cold
1963-11-01,1.11,NinoTemp
1963-12-01,-0.98,LaNinaTemp
1964-01-01,-0.82,LaNinaTemp
1964-02-01,-0.34,Cold
1964-03-01,1.48,NinoTemp
1964-04-01,-0.06,Cold
1964-05-01,-0.46,Cold
1964-06-01,-0.26,Cold
1964-07-01,-0.48,Cold
1964-08-01,-0.31,Cold
1964-09-01,0.54,NinoTemp
1964-10-01,-1.09,LaNinaTemp
1964-11-01,1.55,NinoTemp
1964-12-01,-0.35,Cold
1965-01-01,-1.14,LaNinaTemp
1965-02-01,0.24,Warm
1965-03-01,0.12,Warm
1965-04-01,-1.3,LaNinaTemp
1965-05-01,-0.98,LaNinaTemp
1965-06-01,2.88,NinoTemp
1965-07-01,-1.29,LaNinaTemp
1965-08-01,0.08,Warm
1965-09-01,-0.64,LaNinaTemp
1965-10-01,1.81,NinoTemp
1965-11-01,-0.52,LaNinaTemp
1965-12-01,-0.64,LaNinaTemp
1966-01-01,0.5,Warm
1966-02-01,-0.44,Cold
1966-03-01,-0.55,LaNinaTemp
1966-04-01,1.09,NinoTemp
1966-05-01,3.11,NinoTemp
1966-06-01,-0.52,LaNinaTemp
1966-07-01,-1.02,LaNinaTemp
1966-08-01,0.17,Warm
1966-09-01,0.91,NinoTemp
1966-10-01,-1.59,LaNinaTemp
1966-11-01,-0.46,Cold
1966-12-01,-0.61,LaNinaTemp
1967-01-01,0.0,Cold
1967-02-01,-0.24,Cold
1967-03-01,0.21,Warm
1967-04-01,-0.9,LaNinaTemp
1967-05-01,-0.52,LaNinaTemp
1967-06-01,-0.46,Cold
1967-07-01,3.98,NinoTemp
1967-08-01,0.94,NinoTemp
1967-09-01,-0.51,LaNinaTemp
1967-10-01,-0.59,LaNinaTemp
1967-11-01,-0.77,LaNinaTemp
1967-12-01,-0.26,Cold
1968-01-01,0.08,Warm
1968-02-01,-0.44,Cold
1968-03-01,-0.3,Cold
1968-04-01,0.51,NinoTemp
1968-05-01,-1.36,LaNinaTemp
1968-06-01,0.67,NinoTemp
1968-07-01,0.66,NinoTemp
1968-08-01,-1.23,LaNinaTemp
1968-09-01,-0.2,Cold
1968-10-01,0.27,Warm
1968-11-01,-0.76,LaNinaTemp
1968-12-01,0.67,NinoTemp
1969-01-01,2.08,NinoTemp
1969-02-01,0.19,Warm
1969-03-01,-0.76,LaNinaTemp
1969-04-01,-0.54,LaNinaTemp
1969-05-01,-1.02,LaNinaTemp
1969-06-01,-0.35,Cold
1969-07-01,-0.66,LaNinaTemp
1969-08-01,-0.68,LaNinaTemp
1969-09-01,-0.73,LaNinaTemp
1969-10-01,-1.1,LaNinaTemp
1969-11-01,0.41,Warm
1969-12-01,1.93,NinoTemp
1970-01-01,-0.33,Cold
1970-02-01,-0.25,Cold
1970-03-01,0.75,NinoTemp
1970-04-01,-0.41,Cold
1970-05-01,-0.6,LaNinaTemp
1970-06-01,-0.29,Cold
1970-07-01,0.12,Warm
1970-08-01,0.26,Warm
1970-09-01,-0.53,LaNinaTemp
1970-10-01,-0.01,Cold
1970-11-01,2.09,NinoTemp
1970-12-01,-0.82,LaNinaTemp
1971-01-01,-0.64,LaNinaTemp
1971-02-01,-0.13,Cold
1971-03-01,-1.3,LaNinaTemp
1971-04-01,-0.58,LaNinaTemp
1971-05-01,-0.32,Cold
1971-06-01,0.43,Warm
1971-07-01,1.56,NinoTemp
1971-08-01,-0.21,Cold
1971-09-01,-0.75,LaNinaTemp
1971-10-01,1.6,NinoTemp
1971-11-01,0.05,Warm
1971-12-01,-0.45,Cold
1972-01-01,1.5,NinoTemp
1972-02-01,-1.13,LaNinaTemp
1972-03-01,0.77,NinoTemp
1972-04-01,0.83,NinoTemp
1972-05-01,-1.29,LaNinaTemp
1972-06-01,-0.06,Cold
1972-07-01,-1.08,LaNinaTemp
1972-08-01,-1.43,LaNinaTemp
1972-09-01,-0.78,LaNinaTemp
1972-10-01,1.51,NinoTemp
1972-11-01,0.14,Warm
1972-12-01,0.76,NinoTemp
1973-01-01,1.33,NinoTemp
1973-02-01,-0.15,Cold
1973-03-01,-1.84,LaNinaTemp
1973-04-01,0.0,Cold
1973-05-01,1.8,NinoTemp
1973-06-01,0.52,NinoTemp
1973-07-01,-0.56,LaNinaTemp
1973-08-01,-1.13,LaNinaTemp
1973-09-01,-1.14,LaNinaTemp
1973-10-01,0.21,Warm
1973-11-01,-0.96,LaNinaTemp
1973-12-01,1.03,NinoTemp
1974-01-01,-0.21,Cold
1974-02-01,-0.14,Cold
1974-03-01,-0.68,LaNinaTemp
1974-04-01,0.42,Warm
1974-05-01,1.25,NinoTemp
1974-06-01,-0.2,Cold
1974-07-01,0.01,Warm
1974-08-01,-0.48,Cold
1974-09-01,0.34,Warm
1974-10-01,0.45,Warm
1974-11-01,0.35,Warm
1974-12-01,-0.13,Cold
1975-01-01,-0.41,Cold
1975-02-01,-0.41,Cold
1975-03-01,0.31,Warm
1975-04-01,0.95,NinoTemp
1975-05-01,-1.0,LaNinaTemp
1975-06-01,-0.08,Cold
1975-07-01,0.41,Warm
1975-08-01,1.18,NinoTemp
1975-09-01,0.23,Warm
1975-10-01,0.05,Warm
1975-11-01,-0.36,Cold
1975-12-01,-0.81,LaNinaTemp
1976-01-01,-0.77,LaNinaTemp
1976-02-01,1.38,NinoTemp
1976-03-01,-0.37,Cold
1976-04-01,0.97,NinoTemp
1976-05-01,-1.36,LaNinaTemp
1976-06-01,-1.01,LaNinaTemp
1976-07-01,-0.53,LaNinaTemp
1976-08-01,1.78,NinoTemp
1976-09-01,0.19,Warm
1976-10-01,0.15,Warm
1976-11-01,-0.03,Cold
1976-12-01,-0.71,LaNinaTemp
1977-01-01,-0.28,Cold
1977-02-01,0.66,NinoTemp
1977-03-01,-0.34,Cold
1977-04-01,1.07,NinoTemp
1977-05-01,-0.44,Cold
1977-06-01,-1.18,LaNinaTemp
1977-07-01,0.8,NinoTemp
1977-08-01,0.41,Warm
1977-09-01,-0.89,LaNinaTemp
1977-10-01,-0.69,LaNinaTemp
1977-11-01,1.95,NinoTemp
1977-12-01,-1.14,LaNinaTemp
1978-01-01,-0.44,Cold
1978-02-01,-1.04,LaNinaTemp
1978-03-01,1.23,NinoTemp
1978-04-01,-0.5,LaNinaTemp
1978-05-01,-0.3,Cold
1978-06-01,1.02,NinoTemp
1978-07-01,-0.11,Cold
1978-08-01,-0.24,Cold
1978-09-01,2.01,NinoTemp
1978-10-01,2.07,NinoTemp
1978-11-01,-0.36,Cold
1978-12-01,-0.83,LaNinaTemp
1979-01-01,-0.13,Cold
1979-02-01,1.31,NinoTemp
1979-03-01,-1.43,LaNinaTemp
1979-04-01,-0.47,Cold
1979-05-01,-0.28,Cold
1979-06-01,0.16,Warm
1979-07-01,-0.5,LaNinaTemp
1979-08-01,0.12,Warm
1979-09-01,-0.05,Cold
1979-10-01,-0.28,Cold
1979-11-01,-0.53,LaNinaTemp
1979-12-01,4.05,NinoTemp
1980-01-01,0.31,Warm
1980-02-01,-0.97,LaNinaTemp
1980-03-01,-0.34,Cold
1980-04-01,-1.2,LaNinaTemp
1980-05-01,0.04,Warm
1980-06-01,-0.43,Cold
1980-07-01,-0.1,Cold
1980-08-01,-0.61,LaNinaTemp
1980-09-01,0.78,NinoTemp
1980-10-01,-1.34,LaNinaTemp
1980-11-01,0.32,Warm
1980-12-01,0.22,Warm
1981-01-01,-1.29,LaNinaTemp
1981-02-01,-1.01,LaNinaTemp
1981-03-01,0.04,Warm
1981-04-01,-0.77,LaNinaTemp
1981-05-01,0.15,Warm
1981-06-01,2.48,NinoTemp
1981-07-01,0.25,Warm
1981-08-01,-1.28,LaNinaTemp
1981-09-01,0.12,Warm
1981-10-01,-1.53,LaNinaTemp
1981-11-01,-0.15,Cold
1981-12-01,-0.87,LaNinaTemp
1982-01-01,-0.97,LaNinaTemp
1982-02-01,-0.77,LaNinaTemp
1982-03-01,-1.28,LaNinaTemp
1982-04-01,0.77,NinoTemp
1982-05-01,2.1,NinoTemp
1982-06-01,-0.38,Cold
1982-07-01,-0.26,Cold
1982-08-01,0.64,NinoTemp
1982-09-01,-0.03,Cold
1982-10-01,-0.52,LaNinaTemp
1982-11-01,0.39,Warm
1982-12-01,0.13,Warm
1983-01-01,0.19,Warm
1983-02-01,-0.61,LaNinaTemp
1983-03-01,-0.16,Cold
1983-04-01,2.23,NinoTemp
1983-05-01,-1.09,LaNinaTemp
1983-06-01,-0.77,LaNinaTemp
1983-07-01,-0.33,Cold
1983-08-01,-1.43,LaNinaTemp
1983-09-01,-0.46,Cold
1983-10-01,-0.32,Cold
1983-11-01,0.73,NinoTemp
1983-12-01,0.9,NinoTemp
1984-01-01,-0.01,Cold
1984-02-01,-0.05,Cold
1984-03-01,1.27,NinoTemp
1984-04-01,-0.24,Cold
1984-05-01,-0.05,Cold
1984-06-01,1.95,NinoTemp
1984-07-01,-0.88,LaNinaTemp
1984-08-01,0.97,NinoTemp
1984-09-01,0.7,NinoTemp
1984-10-01,-1.19,LaNinaTemp
1984-11-01,-0.99,LaNinaTemp
1984-12-01,-0.49,Cold
1985-01-01,-1.15,LaNinaTemp
1985-02-01,-1.05,LaNinaTemp
1985-03-01,1.11,NinoTemp
1985-04-01,-0.34,Cold
1985-05-01,1.15,NinoTemp
1985-06-01,1.3,NinoTemp
1985-07-01,-0.36,Cold
1985-08-01,-1.87,LaNinaTemp
1985-09-01,-0.3,Cold
1985-10-01,1.79,NinoTemp
1985-11-01,0.2,Warm
1985-12-01,-1.09,LaNinaTemp
1986-01-01,-0.37,Cold
1986-02-01,-0.84,LaNinaTemp
1986-03-01,-0.15,Cold
1986-04-01,-0.69,LaNinaTemp
1986-05-01,0.97,NinoTemp
1986-06-01,-0.12,Cold
1986-07-01,-0.46,Cold
1986-08-01,-0.8,LaNinaTemp
1986-09-01,-0.15,Cold
1986-10-01,1.75,NinoTemp
1986-11-01,0.06,Warm
1986-12-01,0.21,Warm
1987-01-01,-0.63,LaNinaTemp
1987-02-01,-0.53,LaNinaTemp
1987-03-01,-0.13,Cold
1987-04-01,0.48,Warm
1987-05-01,-0.58,LaNinaTemp
1987-06-01,-0.15,Cold
1987-07-01,0.18,Warm
1987-08-01,0.36,Warm
1987-09-01,0.85,NinoTemp
1987-10-01,-1.06,LaNinaTemp
1987-11-01,0.41,Warm
1987-12-01,-0.19,Cold
1988-01-01,1.06,NinoTemp
1988-02-01,-0.26,Cold
1988-03-01,-0.07,Cold
1988-04-01,-0.23,Cold
1988-05-01,-1.56,LaNinaTemp
1988-06-01,-0.88,LaNinaTemp
1988-07-01,1.27,NinoTemp
1988-08-01,-0.23,Cold
1988-09-01,0.25,Warm
1988-10-01,-1.54,LaNinaTemp
1988-11-01,-1.73,LaNinaTemp
1988-12-01,-0.68,LaNinaTemp
1989-01-01,1.43,NinoTemp
1989-02-01,0.28,Warm
1989-03-01,-0.06,Cold
1989-04-01,-0.74,LaNinaTemp
1989-05-01,-0.45,Cold
1989-06-01,-0.89,LaNinaTemp
1989-07-01,0.32,Warm
1989-08-01,-1.25,LaNinaTemp
1989-09-01,0.8,NinoTemp
1989-10-01,-0.43,Cold
1989-11-01,-1.53,LaNinaTemp
1989-12-01,0.08,Warm
1990-01-01,0.99,NinoTemp
1990-02-01,-0.64,LaNinaTemp
1990-03-01,-0.8,LaNinaTemp
1990-04-01,1.73,NinoTemp
1990-05-01,-0.98,LaNinaTemp
1990-06-01,-1.17,LaNinaTemp
1990-07-01,-1.23,LaNinaTemp
1990-08-01,0.76,NinoTemp
1990-09-01,-0.19,Cold
1990-10-01,-0.43,Cold
1990-11-01,0.67,NinoTemp
1990-12-01,-0.52,LaNinaTemp
1991-01-01,-0.52,LaNinaTemp
1991-02-01,2.28,NinoTemp
1991-03-01,1.02,NinoTemp
1991-04-01,-0.61,LaNinaTemp
1991-05-01,-0.82,LaNinaTemp
1991-06-01,0.14,Warm
1991-07-01,1.5,NinoTemp
1991-08-01,-1.26,LaNinaTemp
1991-09-01,-0.29,Cold
1991-10-01,-0.73,LaNinaTemp
1991-11-01,0.42,Warm
1991-12-01,-0.26,Cold
1992-01-01,0.32,Warm
1992-02-01,0.65,NinoTemp
1992-03-01,-0.41,Cold
1992-04-01,-0.8,LaNinaTemp
1992-05-01,4.0,NinoTemp
1992-06-01,0.12,Warm
1992-07-01,-0.76,LaNinaTemp
1992-08-01,-0.49,Cold
1992-09-01,-1.14,LaNinaTemp
1992-10-01,0.57,NinoTemp
1992-11-01,-0.07,Cold
1992-12-01,0.11,Warm
1993-01-01,-1.05,LaNinaTemp
1993-02-01,1.2,NinoTemp
1993-03-01,-1.65,LaNinaTemp
1993-04-01,-0.17,Cold
1993-05-01,0.22,Warm
1993-06-01,-1.53,LaNinaTemp
1993-07-01,-0.71,LaNinaTemp
1993-08-01,-0.39,Cold
1993-09-01,-0.16,Cold
1993-10-01,0.34,Warm
1993-11-01,2.38,NinoTemp
1993-12-01,-0.03,Cold
1994-01-01,-1.32,LaNinaTemp
1994-02-01,0.3,Warm
1994-03-01,-1.42,LaNinaTemp
1994-04-01,-0.37,Cold
1994-05-01,-0.63,LaNinaTemp
1994-06-01,-0.93,LaNinaTemp
1994-07-01,-0.59,LaNinaTemp
1994-08-01,-1.55,LaNinaTemp
1994-09-01,0.83,NinoTemp
1994-10-01,2.05,NinoTemp
1994-11-01,-0.83,LaNinaTemp
1994-12-01,-0.51,LaNinaTemp
1995-01-01,0.63,NinoTemp
1995-02-01,-0.15,Cold
1995-03-01,-0.89,LaNinaTemp
1995-04-01,0.35,Warm
1995-05-01,0.48,Warm
1995-06-01,0.3,Warm
1995-07-01,-0.55,LaNinaTemp
1995-08-01,0.05,Warm
1995-09-01,2.28,NinoTemp
1995-10-01,-0.71,LaNinaTemp
1995-11-01,-0.97,LaNinaTemp
1995-12-01,-0.18,Cold
1996-01-01,-1.32,LaNinaTemp
1996-02-01,-0.05,Cold
1996-03-01,-0.6,LaNinaTemp
1996-04-01,0.58,NinoTemp
1996-05-01,1.71,NinoTemp
1996-06-01,-0.21,Cold
1996-07-01,0.02,Warm
1996-08-01,1.11,NinoTemp
1996-09-01,-0.11,Cold
1996-10-01,0.59,NinoTemp
1996-11-01,1.57,NinoTemp
1996-12-01,-0.5,LaNinaTemp
1997-01-01,0.83,NinoTemp
1997-02-01,1.39,NinoTemp
1997-03-01,-0.68,LaNinaTemp
1997-04-01,-0.72,LaNinaTemp
1997-05-01,-1.09,LaNinaTemp
1997-06-01,-1.14,LaNinaTemp
1997-07-01,-0.95,LaNinaTemp
1997-08-01,1.4,NinoTemp
1997-09-01,-0.57,LaNinaTemp
1997-10-01,1.01,NinoTemp
1997-11-01,0.99,NinoTemp
1997-12-01,-0.57,LaNinaTemp
1998-01-01,-1.98,LaNinaTemp
1998-02-01,-0.46,Cold
1998-03-01,1.66,NinoTemp
1998-04-01,-0.4,Cold
1998-05-01,-0.21,Cold
1998-06-01,-0.39,Cold
1998-07-01,-1.41,LaNinaTemp
1998-08-01,-0.04,Cold
1998-09-01,-0.83,LaNinaTemp
1998-10-01,0.92,NinoTemp
1998-11-01,-0.36,Cold
1998-12-01,-0.05,Cold
1999-01-01,-0.88,LaNinaTemp
1999-02-01,-0.23,Cold
1999-03-01,1.45,NinoTemp
1999-04-01,-0.35,Cold
1999-05-01,-0.4,Cold
1999-06-01,-0.32,Cold
1999-07-01,-0.76,LaNinaTemp
1999-08-01,0.1,Warm
1999-09-01,-0.04,Cold
1999-10-01,-1.07,LaNinaTemp
1999-11-01,-0.47,Cold
1999-12-01,-0.1,Cold
2000-01-01,0.08,Warm
2000-02-01,1.34,NinoTemp
2000-03-01,-1.0,LaNinaTemp
2000-04-01,-0.47,Cold
2000-05-01,-0.51,LaNinaTemp
2000-06-01,0.91,NinoTemp
2000-07-01,-0.56,LaNinaTemp
2000-08-01,0.11,Warm
2000-09-01,-0.04,Cold
2000-10-01,-1.34,LaNinaTemp
2000-11-01,-1.64,LaNinaTemp
2000-12-01,1.27,NinoTemp
2001-01-01,-0.66,LaNinaTemp
2001-02-01,0.28,Warm
2001-03-01,-1.07,LaNinaTemp
2001-04-01,-1.57,LaNinaTemp
2001-05-01,-0.88,LaNinaTemp
2001-06-01,1.29,NinoTemp
2001-07-01,0.14,Warm
2001-08-01,0.07,Warm
2001-09-01,-0.9,LaNinaTemp
2001-10-01,-0.35,Cold
2001-11-01,-0.86,LaNinaTemp
2001-12-01,0.0,Cold
2002-01-01,-0.74,LaNinaTemp
2002-02-01,0.84,NinoTemp
2002-03-01,-0.58,LaNinaTemp
2002-04-01,-1.4,LaNinaTemp
2002-05-01,-0.01,Cold
2002-06-01,0.78,NinoTemp
2002-07-01,-0.99,LaNinaTemp
2002-08-01,-0.79,LaNinaTemp
2002-09-01,1.69,NinoTemp
2002-10-01,-0.92,LaNinaTemp
2002-11-01,-0.74,LaNinaTemp
2002-12-01,-1.59,LaNinaTemp
2003-01-01,0.44,Warm
2003-02-01,-0.29,Cold
2003-03-01,0.04,Warm
2003-04-01,0.12,Warm
2003-05-01,-0.68,LaNinaTemp
2003-06-01,-0.55,LaNinaTemp
2003-07-01,3.08,NinoTemp
2003-08-01,0.56,NinoTemp
2003-09-01,-0.18,Cold
2003-10-01,-0.92,LaNinaTemp
2003-11-01,0.28,Warm
2003-12-01,0.9,NinoTemp
2004-01-01,-0.65,LaNinaTemp
2004-02-01,-0.38,Cold
2004-03-01,-0.55,LaNinaTemp
2004-04-01,0.63,NinoTemp
2004-05-01,-0.25,Cold
2004-06-01,-0.23,Cold
2004-07-01,0.59,NinoTemp
2004-08-01,-0.26,Cold
2004-09-01,-0.79,LaNinaTemp
2004-10-01,4.12,NinoTemp
2004-11-01,-0.21,Cold
2004-12-01,-1.11,LaNinaTemp
2005-01-01,-0.7,LaNinaTemp
2005-02-01,-0.94,LaNinaTemp
2005-03-01,0.78,NinoTemp
2005-04-01,0.29,Warm
2005-05-01,0.39,Warm
2005-06-01,-1.41,LaNinaTemp
2005-07-01,0.91,NinoTemp
2005-08-01,-1.95,LaNinaTemp
2005-09-01,-0.21,Cold
2005-10-01,0.14,Warm
2005-11-01,-1.38,LaNinaTemp
2005-12-01,-0.8,LaNinaTemp
2006-01-01,-0.46,Cold
2006-02-01,-0.5,LaNinaTemp
2006-03-01,0.57,NinoTemp
2006-04-01,2.21,NinoTemp
2006-05-01,-0.08,Cold
2006-06-01,-1.44,LaNinaTemp
2006-07-01,0.69,NinoTemp
2006-08-01,-1.25,LaNinaTemp
2006-09-01,-1.04,LaNinaTemp
2006-10-01,-0.83,LaNinaTemp
2006-11-01,-0.91,LaNinaTemp
2006-12-01,-0.8,LaNinaTemp
2007-01-01,-1.53,LaNinaTemp
2007-02-01,0.38,Warm
2007-03-01,2.26,NinoTemp
2007-04-01,-0.46,Cold
2007-05-01,-0.14,Cold
2007-06-01,-0.06,Cold
2007-07-01,-0.49,Cold
2007-08-01,-1.09,LaNinaTemp
2007-09-01,-0.4,Cold
2007-10-01,0.62,NinoTemp
2007-11-01,-0.05,Cold
2007-12-01,-0.98,LaNinaTemp
2008-01-01,-0.05,Cold
2008-02-01,1.4,NinoTemp
2008-03-01,-0.22,Cold
2008-04-01,-0.9,LaNinaTemp
2008-05-01,-0.22,Cold
2008-06-01,-1.37,LaNinaTemp
2008-07-01,-0.43,Cold
2008-08-01,-0.42,Cold
2008-09-01,0.52,NinoTemp
2008-10-01,1.54,NinoTemp
2008-11-01,-0.57,LaNinaTemp
2008-12-01,0.0,Cold
2009-01-01,0.6,NinoTemp
2009-02-01,-0.3,Cold
2009-03-01,0.48,Warm
2009-04-01,0.45,Warm
2009-05-01,-0.93,LaNinaTemp
2009-06-01,0.18,Warm
2009-07-01,-0.04,Cold
2009-08-01,-0.64,LaNinaTemp
2009-09-01,-0.94,LaNinaTemp
2009-10-01,-1.08,LaNinaTemp
2009-11-01,-1.04,LaNinaTemp
2009-12-01,-1.34,LaNinaTemp
2010-01-01,1.25,NinoTemp
2010-02-01,-0.62,LaNinaTemp
2010-03-01,1.21,NinoTemp
2010-04-01,1.06,NinoTemp
2010-05-01,-0.89,LaNinaTemp
2010-06-01,-1.16,LaNinaTemp
2010-07-01,-1.19,LaNinaTemp
2010-08-01,1.32,NinoTemp
2010-09-01,0.07,Warm
2010-10-01,-0.17,Cold
2010-11-01,-0.66,LaNinaTemp
2010-12-01,-1.21,LaNinaTemp
2011-01-01,-0.05,Cold
2011-02-01,-1.01,LaNinaTemp
2011-03-01,1.19,NinoTemp
2011-04-01,-0.23,Cold
2011-05-01,-0.45,Cold
2011-06-01,-1.05,LaNinaTemp
2011-07-01,-0.45,Cold
2011-08-01,1.31,NinoTemp
2011-09-01,-0.34,Cold
2011-10-01,-0.41,Cold
2011-11-01,-0.67,LaNinaTemp
2011-12-01,-1.18,LaNinaTemp
2012-01-01,0.09,Warm
2012-02-01,-0.65,LaNinaTemp
2012-03-01,-0.94,LaNinaTemp
2012-04-01,-1.32,LaNinaTemp
2012-05-01,-0.12,Cold
2012-06-01,0.04,Warm
2012-07-01,1.37,NinoTemp
2012-08-01,-0.64,LaNinaTemp
2012-09-01,-0.32,Cold
2012-10-01,-0.95,LaNinaTemp
2012-11-01,0.24,Warm
2012-12-01,-0.4,Cold
2013-01-01,-0.19,Cold
2013-02-01,-0.89,LaNinaTemp
2013-03-01,-0.77,LaNinaTemp
2013-04-01,-0.93,LaNinaTemp
2013-05-01,0.49,Warm
2013-06-01,-0.36,Cold
2013-07-01,-0.12,Cold
2013-08-01,-1.43,LaNinaTemp
2013-09-01,-1.31,LaNinaTemp
2013-10-01,-1.05,LaNinaTemp
2013-11-01,1.09,NinoTemp
2013-12-01,-0.17,Cold
2014-01-01,-0.23,Cold
2014-02-01,-0.51,LaNinaTemp
2014-03-01,-0.39,Cold
2014-04-01,-1.24,LaNinaTemp
2014-05-01,-0.14,Cold
2014-06-01,-0.98,LaNinaTemp
2014-07-01,0.91,NinoTemp
2014-08-01,-0.85,LaNinaTemp
2014-09-01,-1.56,LaNinaTemp
2014-10-01,0.28,Warm
2014-11-01,0.72,NinoTemp
2014-12-01,-1.04,LaNinaTemp
2015-01-01,-0.75,LaNinaTemp
2015-02-01,1.91,NinoTemp
2015-03-01,-1.05,LaNinaTemp
2015-04-01,-1.13,LaNinaTemp
2015-05-01,-1.49,LaNinaTemp
2015-06-01,0.25,Warm
2015-07-01,-0.56,LaNinaTemp
2015-08-01,0.23,Warm
2015-09-01,-0.34,Cold
2015-10-01,-1.13,LaNinaTemp
2015-11-01,-0.17,Cold
2015-12-01,3.2,NinoTemp
2016-01-01,0.22,Warm
2016-02-01,-0.5,LaNinaTemp
2016-03-01,-0.75,LaNinaTemp
2016-04-01,0.53,NinoTemp
2016-05-01,0.89,NinoTemp
2016-06-01,-0.97,LaNinaTemp
2016-07-01,-0.43,Cold
2016-08-01,-0.44,Cold
2016-09-01,0.45,Warm
2016-10-01,-0.31,Cold
2016-11-01,-0.29,Cold
2016-12-01,0.68,NinoTemp
2017-01-01,-0.68,LaNinaTemp
2017-02-01,-1.03,LaNinaTemp
2017-03-01,4.27,NinoTemp
2017-04-01,-0.14,Cold
2017-05-01,-1.06,LaNinaTemp
2017-06-01,-0.55,LaNinaTemp
2017-07-01,-1.12,LaNinaTemp
2017-08-01,0.69,NinoTemp
2017-09-01,0.31,Warm
2017-10-01,0.27,Warm
2017-11-01,-1.19,LaNinaTemp
2017-12-01,0.62,NinoTemp
2018-01-01,-1.63,LaNinaTemp
2018-02-01,-0.33,Cold
2018-03-01,0.49,Warm
2018-04-01,-1.03,LaNinaTemp
2018-05-01,-0.68,LaNinaTemp
2018-06-01,-0.61,LaNinaTemp
2018-07-01,-0.25,Cold
2018-08-01,0.14,Warm
2018-09-01,2.09,NinoTemp
2018-10-01,0.02,Warm
2018-11-01,-1.54,LaNinaTemp
2018-12-01,0.79,NinoTemp
